Workbook

Sheet Ejemplo desarrollo sprints
B1: Sprint -2 | C1: Sprint -1 | D1: Sprint 1 | E1: Sprint 2 | F1: Sprint 3 | G1: Sprint 4
A2: Sprint 1 | B2: Redacción HU | C2: Refinamiento HU | D2: Ejecutar Sprint
A3: Sprint 2 | C3: Redacción HU | D3: Refinamiento HU | E3: Ejecutar Sprint
A4: Sprint 3 | D4: Redacción HU | E4: Refinamiento HU | F4: Ejecutar Sprint
A5: Sprint 4 | E5: Redacción HU | F5: Refinamiento HU | G5: Ejecutar Sprint

Sheet Product Backlog HUs
A1: Identificador | B1: Nombre Comando/Acción | C1: Nombre Historia | D1: Nombre Historia de Usuario | E1: ¿Quién dispara o ejecuta la Historia? | F1: ¿Qué necesita poder llevar a cabo? | G1: ¿Para qué necesita llevar a cabo esa acción? | H1: Card | I1: Talla | J1: Puntos de historia de usuario | K1: ¿Definition of Ready? | L1: ¿Definition of Done? | M1: Prioridad
A2: HU1 | B2: Juego Plataformas | C2: Iniciar Juego - Plataformas | D2: =A2&"-"&C2 -> HU1-Iniciar Juego - Plataformas | E2: Estudiante | F2: acceso a la actividad en la tarea "El Suelo es Lava" de plataformas, con instrucciones claras, estímulos visuales y auditivos | G2: para comenzar a jugar y entrenar el reconocimiento de patrones. | H2: ="Como "&E2&", necesito "&F2&", para "&G2 -> Como Estudiante, necesito acceso a la actividad en la tarea "El Suelo es Lava" de plataformas, con instrucciones claras, estímulos visuales y auditivos, para para comenzar a jugar y entrenar el reconocimiento de patrones. | I2: XL | J2: 5 | M2: 1
A3: HU2 | B3: Juego Mezclar Químicos | C3: Iniciar Juego - Mezclar Químicos | D3: =A3&"-"&C3 -> HU2-Iniciar Juego - Mezclar Químicos | E3: Estudiante | F3: acceso a la actividad en la tarea "Los Secretos del Chef" de la mezcla de químicos, con instrucciones claras, estímulos visuales y auditivos | G3: para comenzar a jugar y entrenar la replicación de patrones. | H3: ="Como "&E3&", necesito "&F3&", "&G3 -> Como Estudiante, necesito acceso a la actividad en la tarea "Los Secretos del Chef" de la mezcla de químicos, con instrucciones claras, estímulos visuales y auditivos, para comenzar a jugar y entrenar la replicación de patrones. | I3: XL | J3: 3 | M3: 5
A4: HU3 | B4: Iniciar Organizar Químicos | C4: Iniciar Juego - Organizar Químicos | D4: =A4&"-"&C4 -> HU3-Iniciar Juego - Organizar Químicos | E4: Estudiante | F4: acceso a la actividad en la tarea "Los Secretos del Chef" de la organización de químicos en sus propios tubos de ensayo, con instrucciones claras, estímulos visuales y auditivos | G4: para comenzar a jugar y entrenar la resolución de problemas. | H4: ="Como "&E4&", necesito "&F4&", "&G4 -> Como Estudiante, necesito acceso a la actividad en la tarea "Los Secretos del Chef" de la organización de químicos en sus propios tubos de ensayo, con instrucciones claras, estímulos visuales y auditivos, para comenzar a jugar y entrenar la resolución de problemas. | I4: XL | J4: 3 | M4: 6
A5: HU4 | B5: Iniciar Cuestionario Opción Múltiple | C5: Iniciar Juego - Cuestionario Opción Múltiple | D5: =A5&"-"&C5 -> HU4-Iniciar Juego - Cuestionario Opción Múltiple | E5: Estudiante | F5: acceso a las preguntas en la tarea "Clonación" de opción múltiple, con instrucciones claras, estímulos visuales y auditivos | G5: para comenzar a jugar y entrenar el razonamiento lógico. | H5: ="Como "&E5&", necesito "&F5&", "&G5 -> Como Estudiante, necesito acceso a las preguntas en la tarea "Clonación" de opción múltiple, con instrucciones claras, estímulos visuales y auditivos, para comenzar a jugar y entrenar el razonamiento lógico. | I5: XL | J5: 2 | M5: 7
A6: HU5 | B6: Iniciar Cuestionario Digitar Respuesta | C6: Iniciar Juego - Cuestionario Digitar Respuesta | D6: =A6&"-"&C6 -> HU5-Iniciar Juego - Cuestionario Digitar Respuesta | E6: Estudiante | F6: acceso a las preguntas en la tarea "Clonación" de las que se requiere digitar una respuesta, con instrucciones claras, estímulos visuales y auditivos | G6: poder ingresar a cualquiera de las Tareas existentes y comenzar el entrenamiento. | H6: ="Como "&E6&", necesito "&F6&", para "&G6 -> Como Estudiante, necesito acceso a las preguntas en la tarea "Clonación" de las que se requiere digitar una respuesta, con instrucciones claras, estímulos visuales y auditivos, para poder ingresar a cualquiera de las Tareas existentes y comenzar el entrenamiento. | I6: XL | J6: 2 | M6: 8
A7: HU6 | B7: Iniciar Cuestionario Mover Objetos | C7: Iniciar Juego - Cuestionario Mover Objetos | D7: =A7&"-"&C7 -> HU6-Iniciar Juego - Cuestionario Mover Objetos | E7: Estudiante | F7: acceso a las preguntas en la tarea "Clonación" de las que se requiere mover objetos a cierta posición, con instrucciones claras, estímulos visuales y auditivos | G7: para comenzar a jugar y entrenar el razonamiento lógico. | H7: ="Como "&E7&", necesito "&F7&", "&G7 -> Como Estudiante, necesito acceso a las preguntas en la tarea "Clonación" de las que se requiere mover objetos a cierta posición, con instrucciones claras, estímulos visuales y auditivos, para comenzar a jugar y entrenar el razonamiento lógico. | I7: XL | J7: 2 | M7: 9
A8: HU7 | B8: Iniciar Tetris | C8: Iniciar Juego - Tetris | D8: =A8&"-"&C8 -> HU7-Iniciar Juego - Tetris | E8: Estudiante | F8: acceso a la actividad en la tarea "Todo en Orden" estilo "Tetris", con instrucciones claras, estímulos visuales y auditivos | G8: para comenzar a jugar y entrenar el razonamiento lógico. | H8: ="Como "&E8&", necesito "&F8&", "&G8 -> Como Estudiante, necesito acceso a la actividad en la tarea "Todo en Orden" estilo "Tetris", con instrucciones claras, estímulos visuales y auditivos, para comenzar a jugar y entrenar el razonamiento lógico. | I8: XL | J8: 5 | M8: 10
A9: HU8 | B9: Iniciar Combinación Matemática | C9: Iniciar Juego - Combinación Matemática | D9: =A9&"-"&C9 -> HU8-Iniciar Juego - Combinación Matemática | E9: Estudiante | F9: acceso a la actividad en la tarea "Todo en Orden" en la que se requiere hacer operaciones aritméticas para obtener cierto número | G9: para comenzar a jugar y entrenar la resolución de problemas. | H9: ="Como "&E9&", necesito "&F9&", "&G9 -> Como Estudiante, necesito acceso a la actividad en la tarea "Todo en Orden" en la que se requiere hacer operaciones aritméticas para obtener cierto número, para comenzar a jugar y entrenar la resolución de problemas. | I9: XL | J9: 5 | M9: 11
A10: HU9 | B10: Iniciar Hallar Patrón | C10: Iniciar Juego - Hallar Patrón | D10: =A10&"-"&C10 -> HU9-Iniciar Juego - Hallar Patrón | E10: Estudiante | F10: acceso a la actividad en la tarea "Todo en Orden" en la que se requiere buscar la secuencia correcta de colores en 8 intentos | G10: para comenzar a jugar y entrenar la resolución de problemas. | H10: ="Como "&E10&", necesito "&F10&", para "&G10 -> Como Estudiante, necesito acceso a la actividad en la tarea "Todo en Orden" en la que se requiere buscar la secuencia correcta de colores en 8 intentos, para para comenzar a jugar y entrenar la resolución de problemas. | I10: XL | J10: 5 | M10: 12
A11: HU10 | B11: Registrar Respuesta | C11: Registrar Respuesta | D11: =A11&"-"&C11 -> HU10-Registrar Respuesta | E11: Estudiante | F11: registrar la respuesta de un estudiante | G11: para verificar si la respuesta fue correcta o no. | H11: ="Como "&E11&", necesito "&F11&", "&G11 -> Como Estudiante, necesito registrar la respuesta de un estudiante, para verificar si la respuesta fue correcta o no. | I11: L | J11: 7 | M11: 2
A12: HU11 | B12: Finalizar Tarea | C12: Finalizar Tarea | D12: =A12&"-"&C12 -> HU11-Finalizar Tarea | E12: Estudiante | F12: finalizar una tarea específica | G12: para continuar a la tarea siguiente. | H12: ="Como "&E12&", necesito "&F12&", "&G12 -> Como Estudiante, necesito finalizar una tarea específica, para continuar a la tarea siguiente. | I12: S | J12: 2 | M12: 4
A13: HU12 | B13: Finalizar Actividad | C13: Finalizar Actividad | D13: =A13&"-"&C13 -> HU12-Finalizar Actividad | E13: Estudiante | F13: finalizar una actividad específica | G13: para continuar al siguiente estimulo con diferente actividad. | H13: ="Como "&E13&", necesito "&F13&", "&G13 -> Como Estudiante, necesito finalizar una actividad específica, para continuar al siguiente estimulo con diferente actividad. | I13: S | J13: 2 | M13: 3
A14: HU13 | B14: Finalizar Entrenamiento | C14: Finalizar Entrenamiento | D14: =A14&"-"&C14 -> HU13-Finalizar Entrenamiento | E14: Entrenador | F14: finalizar el entrenamiento del estudiante | G14: para iniciar el proceso de revisión. | H14: ="Como "&E14&", necesito "&F14&", "&G14 -> Como Entrenador, necesito finalizar el entrenamiento del estudiante, para iniciar el proceso de revisión. | I14: M | J14: 3 | M14: 13
A15: HU14 | B15: Calcular Resultados | C15: Calcular Resultados | D15: =A15&"-"&C15 -> HU14-Calcular Resultados | E15: Entrenador | F15: calcular cada uno de los resultados del estudiante | G15: para iniciar el proceso de generación de informe. | H15: ="Como "&E15&", necesito "&F15&", "&G15 -> Como Entrenador, necesito calcular cada uno de los resultados del estudiante, para iniciar el proceso de generación de informe. | I15: M | J15: 5 | M15: 14
A16: HU15 | B16: Generar Informe | C16: Generar Informe de Resultados de Sesión | D16: =A16&"-"&C16 -> HU15-Generar Informe de Resultados de Sesión | E16: Entrenador | F16: generar informe por medio de un archivo Excel | G16: para luego determinar los pasos a seguir para mejorar el razonamiento lógico-cuantitativo del estudiante. | H16: ="Como "&E16&", necesito "&F16&", "&G16 -> Como Entrenador, necesito generar informe por medio de un archivo Excel, para luego determinar los pasos a seguir para mejorar el razonamiento lógico-cuantitativo del estudiante. | I16: S | J16: 5 | M16: 15

Sheet Mapa de historias de usuario
A1: Mapa de historias de usuario
B2: Épica 1 - Sesión Estudiante | C2: Épica 2 - El Suelo es Lava | D2: Épica 3 - Los Secretos del Chef | E2: Épica 4 - Clonacion | F2: Épica 5 - Todo en Orden
A3: Release 0 | B3: ='Product Backlog HUs'!$D$11 -> HU10-Registrar Respuesta | C3: ='Product Backlog HUs'!$D$2 -> HU1-Iniciar Juego - Plataformas | D3: ='Product Backlog HUs'!$D$3 -> HU2-Iniciar Juego - Mezclar Químicos | E3: ='Product Backlog HUs'!$D$5 -> HU4-Iniciar Juego - Cuestionario Opción Múltiple | F3: ='Product Backlog HUs'!$D$8 -> HU7-Iniciar Juego - Tetris
A5: Release 1 | B5: ='Product Backlog HUs'!$D$13 -> HU12-Finalizar Actividad | D5: ='Product Backlog HUs'!$D$4 -> HU3-Iniciar Juego - Organizar Químicos | E5: ='Product Backlog HUs'!$D$6 -> HU5-Iniciar Juego - Cuestionario Digitar Respuesta | F5: ='Product Backlog HUs'!$D$9 -> HU8-Iniciar Juego - Combinación Matemática
A6: Release 2 | B6: ='Product Backlog HUs'!$D$12 -> HU11-Finalizar Tarea | E6: ='Product Backlog HUs'!$D$7 -> HU6-Iniciar Juego - Cuestionario Mover Objetos | F6: ='Product Backlog HUs'!$D$10 -> HU9-Iniciar Juego - Hallar Patrón
A7: Release 3 | B7: ='Product Backlog HUs'!$D$14 -> HU13-Finalizar Entrenamiento
B8: ='Product Backlog HUs'!$D$15 -> HU14-Calcular Resultados
B9: ='Product Backlog HUs'!$D$16 -> HU15-Generar Informe de Resultados de Sesión

Sheet Plan de liberaciones
A1: Historia de usuario | B1: Sprint | C1: Días hábiles | D1: Acumulado días hábiles | E1: Release
A2: ='Product Backlog HUs'!$D$11 -> HU10-Registrar Respuesta | B2: Sprint 1 | C2: 36 | D2: =C2 -> 36 | E2: Release 0
A3: ='Product Backlog HUs'!$D$2 -> HU1-Iniciar Juego - Plataformas
A4: ='Product Backlog HUs'!$D$3 -> HU2-Iniciar Juego - Mezclar Químicos
A5: ='Product Backlog HUs'!$D$5 -> HU4-Iniciar Juego - Cuestionario Opción Múltiple | B5: Sprint 2 | C5: 14 | D5: =D2+C5 -> 50
A6: ='Product Backlog HUs'!$D$8 -> HU7-Iniciar Juego - Tetris
A7: ='Product Backlog HUs'!$D$13 -> HU12-Finalizar Actividad | B7: Sprint 2 | C7: 29 | D7: =D5+C7 -> 79 | E7: Release 1
A8: ='Product Backlog HUs'!$D$4 -> HU3-Iniciar Juego - Organizar Químicos
A9: ='Product Backlog HUs'!$D$6 -> HU5-Iniciar Juego - Cuestionario Digitar Respuesta
A10: ='Product Backlog HUs'!$D$9 -> HU8-Iniciar Juego - Combinación Matemática
A11: ='Product Backlog HUs'!$D$12 -> HU11-Finalizar Tarea | B11: Sprint 3 | C11: 19 | D11: =D7+C11 -> 98 | E11: Release 2
A12: ='Product Backlog HUs'!$D$7 -> HU6-Iniciar Juego - Cuestionario Mover Objetos
A13: ='Product Backlog HUs'!$D$10 -> HU9-Iniciar Juego - Hallar Patrón
A14: ='Product Backlog HUs'!$D$14 -> HU13-Finalizar Entrenamiento | B14: Sprint 4 | C14: 14 | D14: =D11+C14 -> 112 | E14: Release 3
A15: ='Product Backlog HUs'!$D$15 -> HU14-Calcular Resultados
A16: ='Product Backlog HUs'!$D$16 -> HU15-Generar Informe de Resultados de Sesión

Sheet HU1
A1: <-Volver al listado
A2: Título
A3: ='Product Backlog HUs'!D2 -> HU1-Iniciar Juego - Plataformas
A4: Tarjeta
A5: Como | B5: ='Product Backlog HUs'!$E$2 -> Estudiante
A6: Necesito | B6: ='Product Backlog HUs'!$F$2 -> acceso a la actividad en la tarea "El Suelo es Lava" de plataformas, con instrucciones claras, estímulos visuales y auditivos
A7: Para | B7: ='Product Backlog HUs'!$G$2 -> para comenzar a jugar y entrenar el reconocimiento de patrones.
A8: ='Product Backlog HUs'!$H$2 -> Como Estudiante, necesito acceso a la actividad en la tarea "El Suelo es Lava" de plataformas, con instrucciones claras, estímulos visuales y auditivos, para para comenzar a jugar y entrenar el reconocimiento de patrones.
A9: Tallaje
A10: ='Product Backlog HUs'!$I$1 -> Talla | E10: ='Product Backlog HUs'!$I$2 -> XL
A11: ='Product Backlog HUs'!$J$1 -> Puntos de historia de usuario | E11: ='Product Backlog HUs'!$J$2 -> 5
A12: ='Product Backlog HUs'!$K$1 -> ¿Definition of Ready? | E12: ='Product Backlog HUs'!$K$2 -> 0
A13: ='Product Backlog HUs'!$L$1 -> ¿Definition of Done? | E13: ='Product Backlog HUs'!$L$2 -> 0
A14: Conversación historia
A15: Requisito de información: | E15: TBA
A16: Prototipo: | E16: TBA
A17: Catálogo de mensajes: | E17: TBA
A18: Catálogo de parámetros: | E18: TBA
A19: Restricciones de diseño: | E19: TBA
A20: * Deben tenerse en cuenta los campos descritos en el requisito de información que no deben ser visibles por el usuario.
A21: * Al momento de hacer la validación de una asociación previamente registrada con el mismo nombre, se validará contenido, más no temas de mayúsculas y minúsculas.
A22: * Otros aspectos de aclaración de interés para el cumplimiento de la HU.
A23: Conversación aspectos generales y transversales
A24: Aspectos generales: | E24: TBA
A25: Criterios aceptación
A26: Código | B26: Escenario | G26: Estado | I26: Observación
G27: Aceptado | H27: No aceptado
A28: CA1 | B28: Dado que el estudiante ha accedido al menú principal del juego, cuando selecciona la opción "El Suelo es Lava", entonces el sistema carga la tarea con los estímulos visuales y auditivos correspondientes, y el estudiante puede comenzar a jugar.
A29: CA2 | B29: Dado que el estudiante ha iniciado la actividad, cuando el sistema muestra las instrucciones claras sobre cómo jugar, entonces el estudiante puede entender las reglas del juego y comenzar a resolver los estímulos.
A30: CA3 | B30: Dado que el estudiante está en la actividad, cuando se le presenta un estímulo con un tiempo limitado para resolverlo, entonces el estudiante debe saltar a la opción correcta antes de que se agote el tiempo, o perderá una vida.
A31: CA4 | B31: Dado que el estudiante ha fallado en resolver un estímulo, cuando el tiempo se agota o selecciona una opción incorrecta, entonces el sistema le resta una vida y pasa al siguiente estímulo.
A32: CA5 | B32: Dado que el estudiante ha resuelto correctamente un estímulo, cuando el sistema valida la respuesta correcta, entonces el estudiante avanza al siguiente estímulo sin perder vidas.
A33: CA6 | B33: Dado que el estudiante ha perdido todas sus vidas, cuando el sistema detecta que no tiene más vidas, entonces el estudiante debe reiniciar el nivel desde el principio.

Sheet HU2
A1: <-Volver al listado
A2: Título
A3: ='Product Backlog HUs'!D3 -> HU2-Iniciar Juego - Mezclar Químicos
A4: Tarjeta
A5: Como | B5: ='Product Backlog HUs'!$E$3 -> Estudiante
A6: Necesito | B6: ='Product Backlog HUs'!$F$3 -> acceso a la actividad en la tarea "Los Secretos del Chef" de la mezcla de químicos, con instrucciones claras, estímulos visuales y auditivos
A7: Para | B7: ='Product Backlog HUs'!$G$3 -> para comenzar a jugar y entrenar la replicación de patrones.
A8: ='Product Backlog HUs'!$H$3 -> Como Estudiante, necesito acceso a la actividad en la tarea "Los Secretos del Chef" de la mezcla de químicos, con instrucciones claras, estímulos visuales y auditivos, para comenzar a jugar y entrenar la replicación de patrones.
A9: Tallaje
A10: ='Product Backlog HUs'!$I$1 -> Talla | E10: ='Product Backlog HUs'!$I$3 -> XL
A11: ='Product Backlog HUs'!$J$1 -> Puntos de historia de usuario | E11: ='Product Backlog HUs'!$J$2 -> 5
A12: ='Product Backlog HUs'!$K$1 -> ¿Definition of Ready? | E12: ='Product Backlog HUs'!$K$3 -> 0
A13: ='Product Backlog HUs'!$L$1 -> ¿Definition of Done? | E13: ='Product Backlog HUs'!$L$3 -> 0
A14: Conversación historia
A15: Requisito de información: | E15: TBA
A16: Prototipo: | E16: TBA
A17: Catálogo de mensajes: | E17: TBA
A18: Catálogo de parámetros: | E18: TBA
A19: Restricciones de diseño: | E19: TBA
A20: * Deben tenerse en cuenta los campos descritos en el requisito de información que no deben ser visibles por el usuario.
A21: * Al momento de hacer la validación de una asociación previamente registrada con el mismo nombre, se validará contenido, más no temas de mayúsculas y minúsculas.
A22: * Otros aspectos de aclaración de interés para el cumplimiento de la HU.
A23: Conversación aspectos generales y transversales
A24: Aspectos generales: | E24: TBA
A25: Criterios aceptación
A26: Código | B26: Escenario | G26: Estado | I26: Observación
G27: Aceptado | H27: No aceptado
A28: CA1 | B28: Dado que el estudiante ha accedido al menú principal del juego, cuando selecciona la opción "Los Secretos del Chef", entonces el sistema carga la tarea con los estímulos visuales y auditivos correspondientes, y el estudiante puede comenzar a jugar.
A29: CA2 | B29: Dado que el estudiante ha iniciado la actividad, cuando el sistema muestra las instrucciones claras sobre cómo jugar, entonces el estudiante puede entender las reglas del juego y comenzar a resolver los estímulos.
A30: CA3 | B30: Dado que el estudiante está en la actividad, cuando se le presenta un estímulo con un tiempo limitado para resolverlo, entonces el estudiante debe resolver el rompecabezas antes de que se agote el tiempo, o perderá una vida.
A31: CA4 | B31: Dado que el estudiante ha fallado en resolver un estímulo, cuando el tiempo se agota o selecciona una opción incorrecta, entonces el sistema le resta una vida y pasa al siguiente estímulo.
A32: CA5 | B32: Dado que el estudiante ha resuelto correctamente un estímulo, cuando el sistema valida la respuesta correcta, entonces el estudiante avanza al siguiente estímulo sin perder vidas.
A33: CA6 | B33: Dado que el estudiante ha perdido todas sus vidas, cuando el sistema detecta que no tiene más vidas, entonces el estudiante debe reiniciar el nivel desde el principio.

Sheet HU3
A1: <-Volver al listado
A2: Título
A3: ='Product Backlog HUs'!D4 -> HU3-Iniciar Juego - Organizar Químicos
A4: Tarjeta
A5: Como | B5: ='Product Backlog HUs'!$E$4 -> Estudiante
A6: Necesito | B6: ='Product Backlog HUs'!$F$4 -> acceso a la actividad en la tarea "Los Secretos del Chef" de la organización de químicos en sus propios tubos de ensayo, con instrucciones claras, estímulos visuales y auditivos
A7: Para | B7: ='Product Backlog HUs'!$G$4 -> para comenzar a jugar y entrenar la resolución de problemas.
A8: ='Product Backlog HUs'!$H$4 -> Como Estudiante, necesito acceso a la actividad en la tarea "Los Secretos del Chef" de la organización de químicos en sus propios tubos de ensayo, con instrucciones claras, estímulos visuales y auditivos, para comenzar a jugar y entrenar la resolución de problemas.
A9: Tallaje
A10: ='Product Backlog HUs'!$I$1 -> Talla | E10: ='Product Backlog HUs'!$I$4 -> XL
A11: ='Product Backlog HUs'!$J$1 -> Puntos de historia de usuario | E11: 4
A12: ='Product Backlog HUs'!$K$1 -> ¿Definition of Ready? | E12: ='Product Backlog HUs'!$K$4 -> 0
A13: ='Product Backlog HUs'!$L$1 -> ¿Definition of Done? | E13: ='Product Backlog HUs'!$L$4 -> 0
A14: Conversación historia
A15: Requisito de información: | E15: TBA
A16: Prototipo: | E16: TBA
A17: Catálogo de mensajes: | E17: TBA
A18: Catálogo de parámetros: | E18: TBA
A19: Restricciones de diseño: | E19: TBA
A20: * Deben tenerse en cuenta los campos descritos en el requisito de información que no deben ser visibles por el usuario.
A21: * Al momento de hacer la validación de una asociación previamente registrada con el mismo nombre, se validará contenido, más no temas de mayúsculas y minúsculas.
A22: * Otros aspectos de aclaración de interés para el cumplimiento de la HU.
A23: Conversación aspectos generales y transversales
A24: Aspectos generales: | E24: TBA
A25: Criterios aceptación
A26: Código | B26: Escenario | G26: Estado | I26: Observación
G27: Aceptado | H27: No aceptado
A28: CA1 | B28: Dado que el estudiante ha accedido al menú principal del juego, cuando selecciona la opción "Los Secretos del Chef", entonces el sistema carga la tarea con los estímulos visuales y auditivos correspondientes, y el estudiante puede comenzar a jugar.
A29: CA2 | B29: Dado que el estudiante ha iniciado la actividad, cuando el sistema muestra las instrucciones claras sobre cómo jugar, entonces el estudiante puede entender las reglas del juego y comenzar a resolver los estímulos.
A30: CA3 | B30: Dado que el estudiante está en la actividad, cuando se le presenta un estímulo con un tiempo limitado para resolverlo, entonces el estudiante debe resolver el rompecabezas antes de que se agote el tiempo, o perderá una vida.
A31: CA4 | B31: Dado que el estudiante ha fallado en resolver un estímulo, cuando el tiempo se agota o selecciona una opción incorrecta, entonces el sistema le resta una vida y pasa al siguiente estímulo.
A32: CA5 | B32: Dado que el estudiante ha resuelto correctamente un estímulo, cuando el sistema valida la respuesta correcta, entonces el estudiante avanza al siguiente estímulo sin perder vidas.
A33: CA6 | B33: Dado que el estudiante ha perdido todas sus vidas, cuando el sistema detecta que no tiene más vidas, entonces el estudiante debe reiniciar el nivel desde el principio.

Sheet HU4
A1: <-Volver al listado
A2: Título
A3: ='Product Backlog HUs'!D5 -> HU4-Iniciar Juego - Cuestionario Opción Múltiple
A4: Tarjeta
A5: Como | B5: ='Product Backlog HUs'!$E$5 -> Estudiante
A6: Necesito | B6: ='Product Backlog HUs'!$F$5 -> acceso a las preguntas en la tarea "Clonación" de opción múltiple, con instrucciones claras, estímulos visuales y auditivos
A7: Para | B7: ='Product Backlog HUs'!$G$5 -> para comenzar a jugar y entrenar el razonamiento lógico.
A8: ='Product Backlog HUs'!$H$5 -> Como Estudiante, necesito acceso a las preguntas en la tarea "Clonación" de opción múltiple, con instrucciones claras, estímulos visuales y auditivos, para comenzar a jugar y entrenar el razonamiento lógico.
A9: Tallaje
A10: ='Product Backlog HUs'!$I$1 -> Talla | E10: ='Product Backlog HUs'!$I$5 -> XL
A11: ='Product Backlog HUs'!$J$1 -> Puntos de historia de usuario | E11: ='Product Backlog HUs'!$J$5 -> 2
A12: ='Product Backlog HUs'!$K$1 -> ¿Definition of Ready? | E12: ='Product Backlog HUs'!$K$5 -> 0
A13: ='Product Backlog HUs'!$L$1 -> ¿Definition of Done? | E13: ='Product Backlog HUs'!$L$5 -> 0
A14: Conversación historia
A15: Requisito de información: | E15: TBA
A16: Prototipo: | E16: TBA
A17: Catálogo de mensajes: | E17: TBA
A18: Catálogo de parámetros: | E18: TBA
A19: Restricciones de diseño: | E19: TBA
A20: * Deben tenerse en cuenta los campos descritos en el requisito de información que no deben ser visibles por el usuario.
A21: * Al momento de hacer la validación de una asociación previamente registrada con el mismo nombre, se validará contenido, más no temas de mayúsculas y minúsculas.
A22: * Otros aspectos de aclaración de interés para el cumplimiento de la HU.
A23: Conversación aspectos generales y transversales
A24: Aspectos generales: | E24: TBA
A25: Criterios aceptación
A26: Código | B26: Escenario | G26: Estado | I26: Observación
G27: Aceptado | H27: No aceptado
A28: CA1 | B28: Dado que el estudiante ha accedido al menú principal del juego, cuando selecciona la opción "Clonacion", entonces el sistema carga el nivel 1 con los estímulos visuales y auditivos correspondientes, y el estudiante puede comenzar a jugar.
A29: CA2 | B29: Dado que el estudiante ha iniciado la actividad, cuando el sistema muestra las instrucciones claras sobre cómo jugar, entonces el estudiante puede entender las reglas del juego y comenzar a resolver los estímulos.
A30: CA3 | B30: Dado que el estudiante está en la actividad, cuando se le presenta un estímulo con un tiempo limitado para resolverlo, entonces el estudiante debe escojer su respuesta correcta antes de que se agote el tiempo, o perderá una vida.
A31: CA4 | B31: Dado que el estudiante ha fallado en resolver un estímulo, cuando el tiempo se agota o selecciona una opción incorrecta, entonces el sistema le resta una vida y pasa al siguiente estímulo.
A32: CA5 | B32: Dado que el estudiante ha resuelto correctamente un estímulo, cuando el sistema valida la respuesta correcta, entonces el estudiante avanza al siguiente estímulo sin perder vidas.
A33: CA6 | B33: Dado que el estudiante ha perdido todas sus vidas en el nivel 1, cuando el sistema detecta que no tiene más vidas, entonces el estudiante debe reiniciar el nivel desde el principio.

Sheet HU5
A1: <-Volver al listado
A2: Título
A3: ='Product Backlog HUs'!D6 -> HU5-Iniciar Juego - Cuestionario Digitar Respuesta
A4: Tarjeta
A5: Como | B5: ='Product Backlog HUs'!$E$6 -> Estudiante
A6: Necesito | B6: ='Product Backlog HUs'!$F$6 -> acceso a las preguntas en la tarea "Clonación" de las que se requiere digitar una respuesta, con instrucciones claras, estímulos visuales y auditivos
A7: Para | B7: ='Product Backlog HUs'!$G$6 -> poder ingresar a cualquiera de las Tareas existentes y comenzar el entrenamiento.
A8: ='Product Backlog HUs'!$H$6 -> Como Estudiante, necesito acceso a las preguntas en la tarea "Clonación" de las que se requiere digitar una respuesta, con instrucciones claras, estímulos visuales y auditivos, para poder ingresar a cualquiera de las Tareas existentes y comenzar el entrenamiento.
A9: Tallaje
A10: ='Product Backlog HUs'!$I$1 -> Talla | E10: ='Product Backlog HUs'!$I$6 -> XL
A11: ='Product Backlog HUs'!$J$1 -> Puntos de historia de usuario | E11: ='Product Backlog HUs'!$J$6 -> 2
A12: ='Product Backlog HUs'!$K$1 -> ¿Definition of Ready? | E12: ='Product Backlog HUs'!$K$6 -> 0
A13: ='Product Backlog HUs'!$L$1 -> ¿Definition of Done? | E13: ='Product Backlog HUs'!$L$6 -> 0
A14: Conversación historia
A15: Requisito de información: | E15: TBA
A16: Prototipo: | E16: TBA
A17: Catálogo de mensajes: | E17: TBA
A18: Catálogo de parámetros: | E18: TBA
A19: Restricciones de diseño: | E19: TBA
A20: * Deben tenerse en cuenta los campos descritos en el requisito de información que no deben ser visibles por el usuario.
A21: * Al momento de hacer la validación de una asociación previamente registrada con el mismo nombre, se validará contenido, más no temas de mayúsculas y minúsculas.
A22: * Otros aspectos de aclaración de interés para el cumplimiento de la HU.
A23: Conversación aspectos generales y transversales
A24: Aspectos generales: | E24: TBA
A25: Criterios aceptación
A26: Código | B26: Escenario | G26: Estado | I26: Observación
G27: Aceptado | H27: No aceptado
A28: CA1 | B28: Dado que el estudiante ha accedido al menú principal del juego, cuando selecciona la opción "Clonacion", entonces el sistema carga el nivel 1 con los estímulos visuales y auditivos correspondientes, y el estudiante puede comenzar a jugar.
A29: CA2 | B29: Dado que el estudiante ha iniciado la actividad, cuando el sistema muestra las instrucciones claras sobre cómo jugar, entonces el estudiante puede entender las reglas del juego y comenzar a resolver los estímulos.
A30: CA3 | B30: Dado que el estudiante está en la actividad, cuando se le presenta un estímulo con un tiempo limitado para resolverlo, entonces el estudiante debe digitar su respuesta correcta antes de que se agote el tiempo, o perderá una vida.
A31: CA4 | B31: Dado que el estudiante ha fallado en resolver un estímulo, cuando el tiempo se agota o selecciona una opción incorrecta, entonces el sistema le resta una vida y pasa al siguiente estímulo.
A32: CA5 | B32: Dado que el estudiante ha resuelto correctamente un estímulo, cuando el sistema valida la respuesta correcta, entonces el estudiante avanza al siguiente estímulo sin perder vidas.
A33: CA6 | B33: Dado que el estudiante ha perdido todas sus vidas en el nivel 1, cuando el sistema detecta que no tiene más vidas, entonces el estudiante debe reiniciar el nivel desde el principio.

Sheet HU6
A1: <-Volver al listado
A2: Título
A3: ='Product Backlog HUs'!D7 -> HU6-Iniciar Juego - Cuestionario Mover Objetos
A4: Tarjeta
A5: Como | B5: ='Product Backlog HUs'!$E$7 -> Estudiante
A6: Necesito | B6: ='Product Backlog HUs'!$F$7 -> acceso a las preguntas en la tarea "Clonación" de las que se requiere mover objetos a cierta posición, con instrucciones claras, estímulos visuales y auditivos
A7: Para | B7: ='Product Backlog HUs'!$G$7 -> para comenzar a jugar y entrenar el razonamiento lógico.
A8: ='Product Backlog HUs'!$H$7 -> Como Estudiante, necesito acceso a las preguntas en la tarea "Clonación" de las que se requiere mover objetos a cierta posición, con instrucciones claras, estímulos visuales y auditivos, para comenzar a jugar y entrenar el razonamiento lógico.
A9: Tallaje
A10: ='Product Backlog HUs'!$I$1 -> Talla | E10: ='Product Backlog HUs'!$I$7 -> XL
A11: ='Product Backlog HUs'!$J$1 -> Puntos de historia de usuario | E11: ='Product Backlog HUs'!$J$7 -> 2
A12: ='Product Backlog HUs'!$K$1 -> ¿Definition of Ready? | E12: ='Product Backlog HUs'!$K$7 -> 0
A13: ='Product Backlog HUs'!$L$1 -> ¿Definition of Done? | E13: ='Product Backlog HUs'!$L$7 -> 0
A14: Conversación historia
A15: Requisito de información: | E15: TBA
A16: Prototipo: | E16: TBA
A17: Catálogo de mensajes: | E17: TBA
A18: Catálogo de parámetros: | E18: TBA
A19: Restricciones de diseño: | E19: TBA
A20: * Deben tenerse en cuenta los campos descritos en el requisito de información que no deben ser visibles por el usuario.
A21: * Al momento de hacer la validación de una asociación previamente registrada con el mismo nombre, se validará contenido, más no temas de mayúsculas y minúsculas.
A22: * Otros aspectos de aclaración de interés para el cumplimiento de la HU.
A23: Conversación aspectos generales y transversales
A24: Aspectos generales: | E24: TBA
A25: Criterios aceptación
A26: Código | B26: Escenario | G26: Estado | I26: Observación
G27: Aceptado | H27: No aceptado
A28: CA1 | B28: Dado que el estudiante ha accedido al menú principal del juego, cuando selecciona la opción "Clonacion", entonces el sistema carga el nivel 1 con los estímulos visuales y auditivos correspondientes, y el estudiante puede comenzar a jugar.
A29: CA2 | B29: Dado que el estudiante ha iniciado la tarea, cuando el sistema muestra las instrucciones claras sobre cómo jugar, entonces el estudiante puede entender las reglas del juego y comenzar a resolver los estímulos.
A30: CA3 | B30: Dado que el estudiante está en la tarea, cuando se le presenta un estímulo con un tiempo limitado para resolverlo, entonces el estudiante debe mover objetos en su respuesta correcta antes de que se agote el tiempo, o perderá una vida.
A31: CA4 | B31: Dado que el estudiante ha fallado en resolver un estímulo, cuando el tiempo se agota o selecciona una opción incorrecta, entonces el sistema le resta una vida y pasa al siguiente estímulo.
A32: CA5 | B32: Dado que el estudiante ha resuelto correctamente un estímulo, cuando el sistema valida la respuesta correcta, entonces el estudiante avanza al siguiente estímulo sin perder vidas.
A33: CA6 | B33: Dado que el estudiante ha perdido todas sus vidas en el nivel 1, cuando el sistema detecta que no tiene más vidas, entonces el estudiante debe reiniciar el nivel desde el principio.

Sheet HU7
A1: <-Volver al listado
A2: Título
A3: ='Product Backlog HUs'!D8 -> HU7-Iniciar Juego - Tetris
A4: Tarjeta
A5: Como | B5: ='Product Backlog HUs'!$E$8 -> Estudiante
A6: Necesito | B6: ='Product Backlog HUs'!$F$8 -> acceso a la actividad en la tarea "Todo en Orden" estilo "Tetris", con instrucciones claras, estímulos visuales y auditivos
A7: Para | B7: ='Product Backlog HUs'!$G$8 -> para comenzar a jugar y entrenar el razonamiento lógico.
A8: ='Product Backlog HUs'!$H$8 -> Como Estudiante, necesito acceso a la actividad en la tarea "Todo en Orden" estilo "Tetris", con instrucciones claras, estímulos visuales y auditivos, para comenzar a jugar y entrenar el razonamiento lógico.
A9: Tallaje
A10: ='Product Backlog HUs'!$I$1 -> Talla | E10: ='Product Backlog HUs'!$I$8 -> XL
A11: ='Product Backlog HUs'!$J$1 -> Puntos de historia de usuario | E11: ='Product Backlog HUs'!$J$8 -> 5
A12: ='Product Backlog HUs'!$K$1 -> ¿Definition of Ready? | E12: ='Product Backlog HUs'!$K$8 -> 0
A13: ='Product Backlog HUs'!$L$1 -> ¿Definition of Done? | E13: ='Product Backlog HUs'!$L$8 -> 0
A14: Conversación historia
A15: Requisito de información: | E15: TBA
A16: Prototipo: | E16: TBA
A17: Catálogo de mensajes: | E17: TBA
A18: Catálogo de parámetros: | E18: TBA
A19: Restricciones de diseño: | E19: TBA
A20: * Deben tenerse en cuenta los campos descritos en el requisito de información que no deben ser visibles por el usuario.
A21: * Al momento de hacer la validación de una asociación previamente registrada con el mismo nombre, se validará contenido, más no temas de mayúsculas y minúsculas.
A22: * Otros aspectos de aclaración de interés para el cumplimiento de la HU.
A23: Conversación aspectos generales y transversales
A24: Aspectos generales: | E24: TBA
A25: Criterios aceptación
A26: Código | B26: Escenario | G26: Estado | I26: Observación
G27: Aceptado | H27: No aceptado
A28: CA1 | B28: Dado que el estudiante ha accedido al menú principal del juego, cuando selecciona la opción "Todo en Orden", entonces el sistema carga la tarea con los estímulos visuales y auditivos correspondientes, y el estudiante puede comenzar a jugar.
A29: CA2 | B29: Dado que el estudiante ha iniciado la tarea, cuando el sistema muestra las instrucciones claras sobre cómo jugar, entonces el estudiante puede entender las reglas del juego y comenzar a resolver los estímulos.
A30: CA3 | B30: Dado que el estudiante está en la tarea, cuando se le presenta un estímulo con un tiempo limitado para resolverlo, entonces el estudiante debe resolver el rompecabezas sin llenar el espacio antes de que acabe el tiempo, o perderá una vida.
A31: CA4 | B31: Dado que el estudiante ha fallado en resolver un estímulo, cuando el tiempo se agota o selecciona una opción incorrecta, entonces el sistema le resta una vida y pasa al siguiente estímulo.
A32: CA5 | B32: Dado que el estudiante ha resuelto correctamente un estímulo, cuando el sistema valida la respuesta correcta, entonces el estudiante avanza al siguiente estímulo sin perder vidas.
A33: CA6 | B33: Dado que el estudiante ha perdido todas sus vidas, cuando el sistema detecta que no tiene más vidas, entonces el estudiante debe reiniciar el nivel desde el principio.

Sheet HU8
A1: <-Volver al listado
A2: Título
A3: ='Product Backlog HUs'!D9 -> HU8-Iniciar Juego - Combinación Matemática
A4: Tarjeta
A5: Como | B5: ='Product Backlog HUs'!$E$9 -> Estudiante
A6: Necesito | B6: ='Product Backlog HUs'!$F$9 -> acceso a la actividad en la tarea "Todo en Orden" en la que se requiere hacer operaciones aritméticas para obtener cierto número
A7: Para | B7: ='Product Backlog HUs'!$G$9 -> para comenzar a jugar y entrenar la resolución de problemas.
A8: ='Product Backlog HUs'!$H$9 -> Como Estudiante, necesito acceso a la actividad en la tarea "Todo en Orden" en la que se requiere hacer operaciones aritméticas para obtener cierto número, para comenzar a jugar y entrenar la resolución de problemas.
A9: Tallaje
A10: ='Product Backlog HUs'!$I$1 -> Talla | E10: ='Product Backlog HUs'!$I$9 -> XL
A11: ='Product Backlog HUs'!$J$1 -> Puntos de historia de usuario | E11: ='Product Backlog HUs'!$J$9 -> 5
A12: ='Product Backlog HUs'!$K$1 -> ¿Definition of Ready? | E12: ='Product Backlog HUs'!$K$9 -> 0
A13: ='Product Backlog HUs'!$L$1 -> ¿Definition of Done? | E13: ='Product Backlog HUs'!$L$9 -> 0
A14: Conversación historia
A15: Requisito de información: | E15: TBA
A16: Prototipo: | E16: TBA
A17: Catálogo de mensajes: | E17: TBA
A18: Catálogo de parámetros: | E18: TBA
A19: Restricciones de diseño: | E19: TBA
A20: * Deben tenerse en cuenta los campos descritos en el requisito de información que no deben ser visibles por el usuario.
A21: * Al momento de hacer la validación de una asociación previamente registrada con el mismo nombre, se validará contenido, más no temas de mayúsculas y minúsculas.
A22: * Otros aspectos de aclaración de interés para el cumplimiento de la HU.
A23: Conversación aspectos generales y transversales
A24: Aspectos generales: | E24: TBA
A25: Criterios aceptación
A26: Código | B26: Escenario | G26: Estado | I26: Observación
G27: Aceptado | H27: No aceptado
A28: CA1 | B28: Dado que el estudiante ha accedido al menú principal del juego, cuando selecciona la opción "Todo en Orden", entonces el sistema carga la tarea con los estímulos visuales y auditivos correspondientes, y el estudiante puede comenzar a jugar.
A29: CA2 | B29: Dado que el estudiante ha iniciado la tarea, cuando el sistema muestra las instrucciones claras sobre cómo jugar, entonces el estudiante puede entender las reglas del juego y comenzar a resolver los estímulos.
A30: CA3 | B30: Dado que el estudiante está en la tarea, cuando se le presenta un estímulo con un tiempo limitado para resolverlo, entonces el estudiante debe resolver el rompecabezas antes de que se agote el tiempo, o perderá una vida.
A31: CA4 | B31: Dado que el estudiante ha fallado en resolver un estímulo, cuando el tiempo se agota o selecciona una opción incorrecta, entonces el sistema le resta una vida y pasa al siguiente estímulo.
A32: CA5 | B32: Dado que el estudiante ha resuelto correctamente un estímulo, cuando el sistema valida la respuesta correcta, entonces el estudiante avanza al siguiente estímulo sin perder vidas.
A33: CA6 | B33: Dado que el estudiante ha perdido todas sus vidas, cuando el sistema detecta que no tiene más vidas, entonces el estudiante debe reiniciar el nivel desde el principio.

Sheet HU9
A1: <-Volver al listado
A2: Título
A3: ='Product Backlog HUs'!D10 -> HU9-Iniciar Juego - Hallar Patrón
A4: Tarjeta
A5: Como | B5: ='Product Backlog HUs'!$E$10 -> Estudiante
A6: Necesito | B6: ='Product Backlog HUs'!$F$10 -> acceso a la actividad en la tarea "Todo en Orden" en la que se requiere buscar la secuencia correcta de colores en 8 intentos
A7: Para | B7: ='Product Backlog HUs'!$G$10 -> para comenzar a jugar y entrenar la resolución de problemas.
A8: ='Product Backlog HUs'!$H$10 -> Como Estudiante, necesito acceso a la actividad en la tarea "Todo en Orden" en la que se requiere buscar la secuencia correcta de colores en 8 intentos, para para comenzar a jugar y entrenar la resolución de problemas.
A9: Tallaje
A10: ='Product Backlog HUs'!$I$1 -> Talla | E10: ='Product Backlog HUs'!$I$10 -> XL
A11: ='Product Backlog HUs'!$J$1 -> Puntos de historia de usuario | E11: ='Product Backlog HUs'!$J$10 -> 5
A12: ='Product Backlog HUs'!$K$1 -> ¿Definition of Ready? | E12: ='Product Backlog HUs'!$K$10 -> 0
A13: ='Product Backlog HUs'!$L$1 -> ¿Definition of Done? | E13: ='Product Backlog HUs'!$L$10 -> 0
A14: Conversación historia
A15: Requisito de información: | E15: TBA
A16: Prototipo: | E16: TBA
A17: Catálogo de mensajes: | E17: TBA
A18: Catálogo de parámetros: | E18: TBA
A19: Restricciones de diseño: | E19: TBA
A20: * Deben tenerse en cuenta los campos descritos en el requisito de información que no deben ser visibles por el usuario.
A21: * Al momento de hacer la validación de una asociación previamente registrada con el mismo nombre, se validará contenido, más no temas de mayúsculas y minúsculas.
A22: * Otros aspectos de aclaración de interés para el cumplimiento de la HU.
A23: Conversación aspectos generales y transversales
A24: Aspectos generales: | E24: TBA
A25: Criterios aceptación
A26: Código | B26: Escenario | G26: Estado | I26: Observación
G27: Aceptado | H27: No aceptado
A28: CA1 | B28: Dado que el estudiante ha accedido al menú principal del juego, cuando selecciona la opción "Todo en Orden", entonces el sistema carga la tarea con los estímulos visuales y auditivos correspondientes, y el estudiante puede comenzar a jugar.
A29: CA2 | B29: Dado que el estudiante ha iniciado la tarea, cuando el sistema muestra las instrucciones claras sobre cómo jugar, entonces el estudiante puede entender las reglas del juego y comenzar a resolver los estímulos.
A30: CA3 | B30: Dado que el estudiante está en la tarea, cuando se le presenta un estímulo con un tiempo limitado para resolverlo, entonces el estudiante debe resolver el rompecabezas antes de que se agote el tiempo, o perderá una vida.
A31: CA4 | B31: Dado que el estudiante ha fallado en resolver un estímulo, cuando el tiempo se agota o selecciona una opción incorrecta, entonces el sistema le resta una vida y pasa al siguiente estímulo.
A32: CA5 | B32: Dado que el estudiante ha resuelto correctamente un estímulo, cuando el sistema valida la respuesta correcta, entonces el estudiante avanza al siguiente estímulo sin perder vidas.
A33: CA6 | B33: Dado que el estudiante ha perdido todas sus vidas, cuando el sistema detecta que no tiene más vidas, entonces el estudiante debe reiniciar el nivel desde el principio.

Sheet HU10
A1: <-Volver al listado
A2: Título
A3: ='Product Backlog HUs'!D11 -> HU10-Registrar Respuesta
A4: Tarjeta
A5: Como | B5: ='Product Backlog HUs'!$E$11 -> Estudiante
A6: Necesito | B6: ='Product Backlog HUs'!$F$11 -> registrar la respuesta de un estudiante
A7: Para | B7: ='Product Backlog HUs'!$G$11 -> para verificar si la respuesta fue correcta o no.
A8: ='Product Backlog HUs'!$H$11 -> Como Estudiante, necesito registrar la respuesta de un estudiante, para verificar si la respuesta fue correcta o no.
A9: Tallaje
A10: ='Product Backlog HUs'!$I$1 -> Talla | E10: ='Product Backlog HUs'!$I$11 -> L
A11: ='Product Backlog HUs'!$J$1 -> Puntos de historia de usuario | E11: ='Product Backlog HUs'!$J$11 -> 7
A12: ='Product Backlog HUs'!$K$1 -> ¿Definition of Ready? | E12: ='Product Backlog HUs'!$K$11 -> 0
A13: ='Product Backlog HUs'!$L$1 -> ¿Definition of Done? | E13: ='Product Backlog HUs'!$L$11 -> 0
A14: Conversación historia
A15: Requisito de información: | E15: TBA
A16: Prototipo: | E16: TBA
A17: Catálogo de mensajes: | E17: TBA
A18: Catálogo de parámetros: | E18: TBA
A19: Restricciones de diseño: | E19: TBA
A20: * Deben tenerse en cuenta los campos descritos en el requisito de información que no deben ser visibles por el usuario.
A21: * Al momento de hacer la validación de una asociación previamente registrada con el mismo nombre, se validará contenido, más no temas de mayúsculas y minúsculas.
A22: * Otros aspectos de aclaración de interés para el cumplimiento de la HU.
A23: Conversación aspectos generales y transversales
A24: Aspectos generales: | E24: TBA
A25: Criterios aceptación
A26: Código | B26: Escenario | G26: Estado | I26: Observación
G27: Aceptado | H27: No aceptado
A28: CA1 | B28: Dado que el estudiante ha enviado una respuesta correcta, cuando el sistema verifica la respuesta, entonces suena un sonido afirmativo.
A29: CA2 | B29: Dado que el estudiante ha enviado una respuesta incorrecta, cuando el sistema verifica la respuesta, entonces suena un sonido no afirmativo.

Sheet HU11
A1: <-Volver al listado
A2: Título
A3: ='Product Backlog HUs'!D12 -> HU11-Finalizar Tarea
A4: Tarjeta
A5: Como | B5: ='Product Backlog HUs'!$E$12 -> Estudiante
A6: Necesito | B6: ='Product Backlog HUs'!$F$12 -> finalizar una tarea específica
A7: Para | B7: ='Product Backlog HUs'!$G$12 -> para continuar a la tarea siguiente.
A8: ='Product Backlog HUs'!$H$12 -> Como Estudiante, necesito finalizar una tarea específica, para continuar a la tarea siguiente.
A9: Tallaje
A10: ='Product Backlog HUs'!$I$1 -> Talla | E10: ='Product Backlog HUs'!$I$12 -> S
A11: ='Product Backlog HUs'!$J$1 -> Puntos de historia de usuario | E11: ='Product Backlog HUs'!$J$12 -> 2
A12: ='Product Backlog HUs'!$K$1 -> ¿Definition of Ready? | E12: ='Product Backlog HUs'!$K$12 -> 0
A13: ='Product Backlog HUs'!$L$1 -> ¿Definition of Done? | E13: ='Product Backlog HUs'!$L$12 -> 0
A14: Conversación historia
A15: Requisito de información: | E15: TBA
A16: Prototipo: | E16: TBA
A17: Catálogo de mensajes: | E17: TBA
A18: Catálogo de parámetros: | E18: TBA
A19: Restricciones de diseño: | E19: TBA
A20: * Deben tenerse en cuenta los campos descritos en el requisito de información que no deben ser visibles por el usuario.
A21: * Al momento de hacer la validación de una asociación previamente registrada con el mismo nombre, se validará contenido, más no temas de mayúsculas y minúsculas.
A22: * Otros aspectos de aclaración de interés para el cumplimiento de la HU.
A23: Conversación aspectos generales y transversales
A24: Aspectos generales: | E24: TBA
A25: Criterios aceptación
A26: Código | B26: Escenario | G26: Estado | I26: Observación
G27: Aceptado | H27: No aceptado
A28: CA1 | B28: Dado que el estudiante ha completado todos los estímulos y niveles de una tarea, cuando los resultados se terminan de mostrar, entonces el sistema marca la tarea como completada y permite avanzar a la siguiente tarea.
A29: CA2 | B29: Dado que el estudiante ha completado todas las tareas, cuando los resultados se terminan de mostrar, entonces se completa la variable de Razonamiento Cuantitativo y se regresa al menu principal del Componente Base.

Sheet HU12
A1: <-Volver al listado
A2: Título
A3: ='Product Backlog HUs'!D13 -> HU12-Finalizar Actividad
A4: Tarjeta
A5: Como | B5: ='Product Backlog HUs'!$E$13 -> Estudiante
A6: Necesito | B6: ='Product Backlog HUs'!$F$13 -> finalizar una actividad específica
A7: Para | B7: ='Product Backlog HUs'!$G$13 -> para continuar al siguiente estimulo con diferente actividad.
A8: ='Product Backlog HUs'!$H$13 -> Como Estudiante, necesito finalizar una actividad específica, para continuar al siguiente estimulo con diferente actividad.
A9: Tallaje
A10: ='Product Backlog HUs'!$I$1 -> Talla | E10: ='Product Backlog HUs'!$I$13 -> S
A11: ='Product Backlog HUs'!$J$1 -> Puntos de historia de usuario | E11: ='Product Backlog HUs'!$J$13 -> 2
A12: ='Product Backlog HUs'!$K$1 -> ¿Definition of Ready? | E12: ='Product Backlog HUs'!$K$13 -> 0
A13: ='Product Backlog HUs'!$L$1 -> ¿Definition of Done? | E13: ='Product Backlog HUs'!$L$13 -> 0
A14: Conversación historia
A15: Requisito de información: | E15: TBA
A16: Prototipo: | E16: TBA
A17: Catálogo de mensajes: | E17: TBA
A18: Catálogo de parámetros: | E18: TBA
A19: Restricciones de diseño: | E19: TBA
A20: * Deben tenerse en cuenta los campos descritos en el requisito de información que no deben ser visibles por el usuario.
A21: * Al momento de hacer la validación de una asociación previamente registrada con el mismo nombre, se validará contenido, más no temas de mayúsculas y minúsculas.
A22: * Otros aspectos de aclaración de interés para el cumplimiento de la HU.
A23: Conversación aspectos generales y transversales
A24: Aspectos generales: | E24: TBA
A25: Criterios aceptación
A26: Código | B26: Escenario | G26: Estado | I26: Observación
G27: Aceptado | H27: No aceptado
A28: CA1 | B28: Dado que el estudiante ha completado todos los estimulos de cierta actividad, cuando el sistema va a abrir el siguiente estímulo, entonces se inicia la nueva actividad.

Sheet HU13
A1: <-Volver al listado
A2: Título
A3: ='Product Backlog HUs'!D14 -> HU13-Finalizar Entrenamiento
A4: Tarjeta
A5: Como | B5: ='Product Backlog HUs'!$E$14 -> Entrenador
A6: Necesito | B6: ='Product Backlog HUs'!$F$14 -> finalizar el entrenamiento del estudiante
A7: Para | B7: ='Product Backlog HUs'!$G$14 -> para iniciar el proceso de revisión.
A8: ='Product Backlog HUs'!$H$14 -> Como Entrenador, necesito finalizar el entrenamiento del estudiante, para iniciar el proceso de revisión.
A9: Tallaje
A10: ='Product Backlog HUs'!$I$1 -> Talla | E10: ='Product Backlog HUs'!$I$14 -> M
A11: ='Product Backlog HUs'!$J$1 -> Puntos de historia de usuario | E11: ='Product Backlog HUs'!$J$14 -> 3
A12: ='Product Backlog HUs'!$K$1 -> ¿Definition of Ready? | E12: ='Product Backlog HUs'!$K$14 -> 0
A13: ='Product Backlog HUs'!$L$1 -> ¿Definition of Done? | E13: ='Product Backlog HUs'!$L$14 -> 0
A14: Conversación historia
A15: Requisito de información: | E15: TBA
A16: Prototipo: | E16: TBA
A17: Catálogo de mensajes: | E17: TBA
A18: Catálogo de parámetros: | E18: TBA
A19: Restricciones de diseño: | E19: TBA
A20: * Deben tenerse en cuenta los campos descritos en el requisito de información que no deben ser visibles por el usuario.
A21: * Al momento de hacer la validación de una asociación previamente registrada con el mismo nombre, se validará contenido, más no temas de mayúsculas y minúsculas.
A22: * Otros aspectos de aclaración de interés para el cumplimiento de la HU.
A23: Conversación aspectos generales y transversales
A24: Aspectos generales: | E24: TBA
A25: Criterios aceptación
A26: Código | B26: Escenario | G26: Estado | I26: Observación
G27: Aceptado | H27: No aceptado
A28: CA1 | B28: Dado que el entrenador ha pedido la finalizacion de una sesión, cuando finaliza la aplicación, entonces el sistema automáticamente inicia el cierre de la variable.

Sheet HU14
A1: <-Volver al listado
A2: Título
A3: ='Product Backlog HUs'!D15 -> HU14-Calcular Resultados
A4: Tarjeta
A5: Como | B5: ='Product Backlog HUs'!$E$15 -> Entrenador
A6: Necesito | B6: ='Product Backlog HUs'!$F$15 -> calcular cada uno de los resultados del estudiante
A7: Para | B7: ='Product Backlog HUs'!$G$15 -> para iniciar el proceso de generación de informe.
A8: ='Product Backlog HUs'!$H$15 -> Como Entrenador, necesito calcular cada uno de los resultados del estudiante, para iniciar el proceso de generación de informe.
A9: Tallaje
A10: ='Product Backlog HUs'!$I$1 -> Talla | E10: ='Product Backlog HUs'!$I$15 -> M
A11: ='Product Backlog HUs'!$J$1 -> Puntos de historia de usuario | E11: ='Product Backlog HUs'!$J$15 -> 5
A12: ='Product Backlog HUs'!$K$1 -> ¿Definition of Ready? | E12: ='Product Backlog HUs'!$K$15 -> 0
A13: ='Product Backlog HUs'!$L$1 -> ¿Definition of Done? | E13: ='Product Backlog HUs'!$L$15 -> 0
A14: Conversación historia
A15: Requisito de información: | E15: TBA
A16: Prototipo: | E16: TBA
A17: Catálogo de mensajes: | E17: TBA
A18: Catálogo de parámetros: | E18: TBA
A19: Restricciones de diseño: | E19: TBA
A20: * Deben tenerse en cuenta los campos descritos en el requisito de información que no deben ser visibles por el usuario.
A21: * Al momento de hacer la validación de una asociación previamente registrada con el mismo nombre, se validará contenido, más no temas de mayúsculas y minúsculas.
A22: * Otros aspectos de aclaración de interés para el cumplimiento de la HU.
A23: Conversación aspectos generales y transversales
A24: Aspectos generales: | E24: TBA
A25: Criterios aceptación
A26: Código | B26: Escenario | G26: Estado | I26: Observación
G27: Aceptado | H27: No aceptado
A28: CA1 | B28: Dado que el entrenador ha finalizado la sesion de un estudiante, cuando finaliza la aplicación, entonces se calcula la informacion para preparar su pronta generación.

Sheet HU15
A1: <-Volver al listado
A2: Título
A3: ='Product Backlog HUs'!D16 -> HU15-Generar Informe de Resultados de Sesión
A4: Tarjeta
A5: Como | B5: ='Product Backlog HUs'!$E$16 -> Entrenador
A6: Necesito | B6: ='Product Backlog HUs'!$F$16 -> generar informe por medio de un archivo Excel
A7: Para | B7: ='Product Backlog HUs'!$G$16 -> para luego determinar los pasos a seguir para mejorar el razonamiento lógico-cuantitativo del estudiante.
A8: ='Product Backlog HUs'!$H$16 -> Como Entrenador, necesito generar informe por medio de un archivo Excel, para luego determinar los pasos a seguir para mejorar el razonamiento lógico-cuantitativo del estudiante.
A9: Tallaje
A10: ='Product Backlog HUs'!$I$1 -> Talla | E10: ='Product Backlog HUs'!$I$16 -> S
A11: ='Product Backlog HUs'!$J$1 -> Puntos de historia de usuario | E11: ='Product Backlog HUs'!$J$16 -> 5
A12: ='Product Backlog HUs'!$K$1 -> ¿Definition of Ready? | E12: ='Product Backlog HUs'!$K$16 -> 0
A13: ='Product Backlog HUs'!$L$1 -> ¿Definition of Done? | E13: ='Product Backlog HUs'!$L$16 -> 0
A14: Conversación historia
A15: Requisito de información: | E15: TBA
A16: Prototipo: | E16: TBA
A17: Catálogo de mensajes: | E17: TBA
A18: Catálogo de parámetros: | E18: TBA
A19: Restricciones de diseño: | E19: TBA
A20: * Deben tenerse en cuenta los campos descritos en el requisito de información que no deben ser visibles por el usuario.
A21: * Al momento de hacer la validación de una asociación previamente registrada con el mismo nombre, se validará contenido, más no temas de mayúsculas y minúsculas.
A22: * Otros aspectos de aclaración de interés para el cumplimiento de la HU.
A23: Conversación aspectos generales y transversales
A24: Aspectos generales: | E24: TBA
A25: Criterios aceptación
A26: Código | B26: Escenario | G26: Estado | I26: Observación
G27: Aceptado | H27: No aceptado
A28: CA1 | B28: Dado que el entrenador pide la generacion de un informe, cuando se active la generacion del informe, entonces el sistema automáticamente genera un archivo XLSX que contiene cualquier dato importante (por ejemplo, tareas completadas) para su pronta revisión.
