Workbook

Sheet Modelo dominio anémico contexto

Sheet Listado Objetos de Dominio
A1: Subdominio/Contexto: | B1: Cognicare - Razonamiento Cuantitativo
A2: Nombre | B2: Descripción | C2: Tipo | D2: Contexto
A3: Respuesta Estimulo | B3: Respuestas del estudiante por cada estímulo durante una sesión. | C3: Propio | D3: Razonamiento Cuantitativo
A4: Tutorial Tarea | B4: Serie de instrucciones sobre como funciona la tarea antes de la sesión. Representada por un cerebrito de caricatura. | C4: Propio | D4: Razonamiento Cuantitativo
A5: Tutorial Nivel | B5: Serie de instrucciones sobre como funciona un nivel antes de la sesión. Representada por un cerebrito de caricatura. | C5: Propio | D5: Razonamiento Cuantitativo
A6: Tarea | B6: Serie de niveles y estímulos para que el entrenador evalúe las habilidades en razonamiento lógico del estudiante | C6: Propio | D6: Razonamiento Cuantitativo
A7: Nivel | B7: Subdivisión de una Tarea que aumenta progresivamente su dificultad | C7: Propio | D7: Razonamiento Cuantitativo
A8: Estímulo | B8: Elementos únicos de cada nivel para que el estudiante interactúe con las tareas | C8: Propio | D8: Razonamiento Cuantitativo
A9: Opciones de Respuesta | B9: Cada opcion de respuesta única de un estimulo. | C9: Propio | D9: Razonamiento Cuantitativo

Sheet Valores
A1: Tipo Objeto Dominio
A2: Tipo | B2: Descripción
A3: Propio | B3: Cuando el objeto de dominio es parte del contexto actual
A4: Referenciado | B4: Cuando el objeto de dominio es parte de otro contexto

Sheet Respuesta Estimulo
A1: <-Volver al inicio
A2: Objeto de Dominio: | B2: ='Listado Objetos de Dominio'!$A$3 -> Respuesta Estimulo
A3: Descripción: | B3: ='Listado Objetos de Dominio'!$B$3 -> Respuestas del estudiante por cada estímulo durante una sesión.
A4: Atributo | B4: Tipo de Dato | C4: Longitud mínima | D4: Longitud máxima | E4: Precisión | F4: Rango Inicial | G4: Rango Final | H4: Formato | I4: Valor por defecto | J4: Regla especial | K4: ¿Auto generado? | L4: ¿Calculado? | M4: ¿Obligatorio? | N4: ¿Sensible? | O4: ¿Identifica al registro? | P4: Descripción | Q4: =A18 -> guardarDatosEstimulo | R4: eliminarDatosEstimulo
A5: id | B5: UUID | C5: 36 | D5: 36 | H5: XXXXXXXX-XXXX-MXXX-NXXX-XXXXXXXXXXXX | K5: SI | L5: NO | M5: SI | N5: NO | O5: SI | P5: Identificador único de la respuesta. | Q5: Automaticamente se aplica al crear una respuesta. | R5: Requerido para eliminar una respuesta.
A6: sesionId | B6: UUID | C6: 36 | D6: 36 | H6: XXXXXXXX-XXXX-MXXX-NXXX-XXXXXXXXXXXX | K6: NO | L6: NO | M6: SI | N6: NO | O6: NO | P6: Identificador único de la sesion de entrenamiento. | Q6: Requerido para guardar una respuesta. | R6: N/A
A7: estimuloId | B7: UUID | C7: 36 | D7: 36 | H7: XXXXXXXX-XXXX-MXXX-NXXX-XXXXXXXXXXXX | K7: NO | L7: NO | M7: SI | N7: NO | O7: NO | P7: Identificador único del estimulo. | Q7: Requerido para guardar una respuesta. | R7: N/A
A8: intentos | B8: int | F8: 0 | I8: 0 | K8: NO | L8: NO | M8: SI | N8: NO | O8: NO | P8: Cantidad de intentos hechos en el estimulo. | Q8: Requerido para guardar una respuesta. | R8: N/A
A9: tiempoRestante | B9: float | E9: 8 | F9: 0 | I9: 0 | K9: NO | L9: NO | M9: SI | N9: NO | O9: NO | P9: Tiempo restante en el momento de completar el estimulo. | Q9: Requerido para guardar una respuesta. | R9: N/A
A10: puntos | B10: int | F10: 0 | I10: 0 | K10: NO | L10: NO | M10: SI | N10: NO | O10: NO | P10: Indica si se ha seleccionado una tarea para ingresar. | Q10: Requerido para guardar una respuesta. | R10: N/A
A12: Combinaciones únicas
A13: Nombre combinación | B13: Descripción | C13: Atributos
A14: Respuesta Única | B14: Garantiza que no existan dos respuestas similares. | C14: sesionId, estimuloId
A16: Responsabilidad | C16: Descripción | G16: Entradas | J16: Salida | O16: Políticas (Reglas de Negocio) | Q16: Excepción
G17: Parámetro | H17: Tipo de dato | I17: Descripción | J17: Tipo de Dato | K17: Descripción | O17: Política | P17: Descripción | Q17: Detalle | R17: ¿Qué hago?
A18: guardarDatosEstimulo | C18: Guardar los datos de un estimulo durante una sesion. | G18: sesionId | H18: UUID | I18: Identificador único de la sesion de entrenamiento. | J18: boolean | K18: True si el guardado fue exitosa. | O18: sesionIdNoVacio | P18: Validar que la sesión existe. | Q18: Campos vacíos. | R18: Mostrar mensaje de error y solicitar datos nuevamente.
G19: estimuloId | H19: UUID | I19: Identificador único del estimulo. | O19: estimuloIdNoVacio | P19: Validar que el estimulo existe.
G20: intentos | H20: int | I20: Cantidad de intentos hechos en el estimulo. | O20: intentosNoVacio | P20: Validar que la cantidad de intentos no tenga un valor vacio.
G21: tiempoRestante | H21: float | I21: Tiempo restante en el momento de completar el estimulo. | O21: tiempoNoVacio | P21: Validar que el tiempo no este vacio.
G22: puntos | H22: int | I22: Indica si se ha seleccionado una tarea para ingresar.
A23: eliminarDatosEstimulo | C23: Eliminar los datos de un estimulo durante una sesion. | G23: id | H23: UUID | I23: Identificador único de la respuesta. | J23: boolean | K23: True si la eliminación fue exitosa. | O23: respuestaExistente | P23: Validar que la respuesta existe. | Q23: Respuesta no existente. | R23: Mostrar mensaje de error y no eliminar.

Sheet Tutorial Tarea
A1: <-Volver al inicio
A2: Objeto de Dominio: | B2: ='Listado Objetos de Dominio'!$A$4 -> Tutorial Tarea
A3: Descripción: | B3: ='Listado Objetos de Dominio'!$B$4 -> Serie de instrucciones sobre como funciona la tarea antes de la sesión. Representada por un cerebrito de caricatura.
A4: Atributo | B4: Tipo de Dato | C4: Longitud mínima | D4: Longitud máxima | E4: Precisión | F4: Rango Inicial | G4: Rango Final | H4: Formato | I4: Valor por defecto | J4: Regla especial | K4: ¿Auto generado? | L4: ¿Calculado? | M4: ¿Obligatorio? | N4: ¿Sensible? | O4: ¿Identifica al registro? | P4: Descripción | Q4: crearMensaje | R4: eliminarMensaje | S4: =A22 -> siguienteMensaje | T4: =A23 -> finalizarTutorial
A5: id | B5: UUID | C5: 36 | D5: 36 | H5: XXXXXXXX-XXXX-MXXX-NXXX-XXXXXXXXXXXX | K5: SI | L5: NO | M5: SI | N5: NO | O5: SI | P5: Identificador único del tutorial. | Q5: Automaticamente se aplica al crear un mensaje de tutorial. | R5: Requerido para eliminar el mensaje de tutorial. | S5: N/A | T5: N/A
A6: mensaje | B6: string | C6: 1 | D6: 500 | K6: NO | L6: NO | M6: SI | N6: NO | O6: NO | P6: Texto que se muestran para explicar objetivos. | Q6: Requerido para crear un mensaje de tutorial. | R6: N/A | S6: N/A | T6: N/A
A7: indice | B7: int | F7: 0 | I7: 0 | K7: NO | L7: NO | M7: SI | N7: NO | O7: NO | P7: Posición numérica del mensaje actual. | Q7: Requerido para crear un mensaje de tutorial. | R7: N/A | S7: Requerido para identificar la posicion del mensaje. | T7: N/A
A8: tareaId | B8: UUID | C8: 36 | D8: 36 | H8: XXXXXXXX-XXXX-MXXX-NXXX-XXXXXXXXXXXX | K8: NO | L8: NO | M8: SI | N8: NO | O8: NO | P8: Identificacion de la tarea. | Q8: Requerido para crear un mensaje de tutorial. | R8: N/A | S8: N/A | T8: N/A
A9: tiempoLimite | B9: int | K9: NO | L9: NO | M9: SI | N9: NO | O9: NO | P9: Tiempo limite del tutorial. | Q9: Requerido para crear un mensaje de tutorial. | R9: N/A | S9: N/A | T9: N/A
A11: Combinaciones únicas
A12: Nombre combinación | B12: Descripción | C12: Atributos
A13: Mensajes Repetidos | B13: Garantiza que no haya dos tutoriales con los mismos mensajes. | C13: mensaje
A15: Responsabilidad | C15: Descripción | G15: Entradas | J15: Salida | O15: Políticas (Reglas de Negocio) | Q15: Excepción
G16: Parámetro | H16: Tipo de dato | I16: Descripción | J16: Tipo de Dato | K16: Descripción | O16: Política | P16: Descripción | Q16: Detalle | R16: ¿Qué hago?
A17: crearMensaje | C17: Crear un mensaje. | G17: mensaje | H17: string | I17: Texto que se muestran para explicar objetivos. | J17: int | K17: ID del mensaje creado | O17: mensajeNoVacio | P17: Validar que el mensaje no sea vacio. | Q17: Campos vacíos. | R17: Mostrar mensaje de error y solicitar datos nuevamente.
G18: indice | H18: int | I18: Posición numérica del mensaje actual. | O18: pantallaNoVacio | P18: Validar que el mensaje tenga una pantalla asignada.
G19: tareaId | H19: UUID | I19: Identificacion de la tarea. | O19: tareaIdNoVacio | P19: Validar que el mensaje tenga una tarea asignada. | Q19: Campos existentes.
G20: tiempoLimite | H20: int | I20: Tiempo limite del tutorial. | O20: tiempoLimiteNoVacio | P20: Validar que el mensaje tenga un tiempo limite.
A21: eliminarMensaje | C21: Eliminar un mensaje. | G21: id | H21: UUID | I21: Identificador único del tutorial. | J21: boolean | K21: True si la eliminación fue exitosa. | O21: mensajeExistente | P21: Validar que el mensaje existe. | Q21: Mensaje no existente. | R21: Mostrar mensaje de error y no eliminar.
A22: siguienteMensaje | C22: Se muestra el siguiente mensaje. | G22: indice | H22: int | I22: Posición numérica del mensaje actual. | J22: int | K22: Posición nueva del mensaje actual. | O22: pantallaEnRango | P22: Validar que la posición esté dentro de la cantidad de mensajes. | Q22: Indice fuera del rango. | R22: Mostrar mensaje de error y no mostrar el mensaje siguiente.
A23: finalizarTutorial | C23: Finaliza el estado de tutorial. | J23: boolean | K23: True si la salida fue exitosa.

Sheet Tutorial Nivel
A1: <-Volver al inicio
A2: Objeto de Dominio: | B2: ='Listado Objetos de Dominio'!$A$5 -> Tutorial Nivel
A3: Descripción: | B3: ='Listado Objetos de Dominio'!$B$5 -> Serie de instrucciones sobre como funciona un nivel antes de la sesión. Representada por un cerebrito de caricatura.
A4: Atributo | B4: Tipo de Dato | C4: Longitud mínima | D4: Longitud máxima | E4: Precisión | F4: Rango Inicial | G4: Rango Final | H4: Formato | I4: Valor por defecto | J4: Regla especial | K4: ¿Auto generado? | L4: ¿Calculado? | M4: ¿Obligatorio? | N4: ¿Sensible? | O4: ¿Identifica al registro? | P4: Descripción | Q4: crearMensaje | R4: eliminarMensaje | S4: =A22 -> siguienteMensaje | T4: =A23 -> finalizarTutorial
A5: id | B5: UUID | C5: 36 | D5: 36 | H5: XXXXXXXX-XXXX-MXXX-NXXX-XXXXXXXXXXXX | K5: SI | L5: NO | M5: SI | N5: NO | O5: SI | P5: Identificador único del tutorial. | Q5: Automaticamente se aplica al crear un mensaje de tutorial. | R5: Requerido para eliminar el mensaje de tutorial. | S5: N/A | T5: N/A
A6: mensaje | B6: string | C6: 1 | D6: 500 | K6: NO | L6: NO | M6: SI | N6: NO | O6: NO | P6: Texto que se muestran para explicar objetivos. | Q6: Requerido para crear un mensaje de tutorial. | R6: N/A | S6: N/A | T6: N/A
A7: indice | B7: int | F7: 0 | I7: 0 | K7: NO | L7: NO | M7: SI | N7: NO | O7: NO | P7: Posición numérica del mensaje actual. | Q7: Requerido para crear un mensaje de tutorial. | R7: N/A | S7: Requerido para identificar la posicion del mensaje. | T7: N/A
A8: nivelId | B8: UUID | C8: 36 | D8: 36 | H8: XXXXXXXX-XXXX-MXXX-NXXX-XXXXXXXXXXXX | K8: NO | L8: NO | M8: SI | N8: NO | O8: NO | P8: Identificacion de la tarea. | Q8: Requerido para crear un mensaje de tutorial. | R8: N/A | S8: N/A | T8: N/A
A9: tiempoLimite | B9: int | K9: NO | L9: NO | M9: SI | N9: NO | O9: NO | P9: Tiempo limite del tutorial. | Q9: Requerido para crear un mensaje de tutorial. | R9: N/A | S9: N/A | T9: N/A
A11: Combinaciones únicas
A12: Nombre combinación | B12: Descripción | C12: Atributos
A13: Mensajes Repetidos | B13: Garantiza que no haya dos tutoriales con los mismos mensajes. | C13: mensaje
A15: Responsabilidad | C15: Descripción | G15: Entradas | J15: Salida | O15: Políticas (Reglas de Negocio) | Q15: Excepción
G16: Parámetro | H16: Tipo de dato | I16: Descripción | J16: Tipo de Dato | K16: Descripción | O16: Política | P16: Descripción | Q16: Detalle | R16: ¿Qué hago?
A17: crearMensaje | C17: Crear un mensaje. | G17: mensaje | H17: string | I17: Texto que se muestran para explicar objetivos. | J17: int | K17: ID del mensaje creado | O17: mensajeNoVacio | P17: Validar que el mensaje no sea vacio. | Q17: Campos vacíos. | R17: Mostrar mensaje de error y solicitar datos nuevamente.
G18: indice | H18: int | I18: Posición numérica del mensaje actual. | O18: pantallaNoVacio | P18: Validar que el mensaje tenga una pantalla asignada.
G19: nivelId | H19: UUID | I19: Identificacion de la tarea. | O19: tareaIdNoVacio | P19: Validar que el mensaje tenga una tarea asignada. | Q19: Campos existentes.
G20: tiempoLimite | H20: int | I20: Tiempo limite del tutorial. | O20: tiempoLimiteNoVacio | P20: Validar que el mensaje tenga un tiempo limite.
A21: eliminarMensaje | C21: Eliminar un mensaje. | G21: id | H21: UUID | I21: Identificador único del tutorial. | J21: boolean | K21: True si la eliminación fue exitosa. | O21: mensajeExistente | P21: Validar que el mensaje existe. | Q21: Mensaje no existente. | R21: Mostrar mensaje de error y no eliminar.
A22: siguienteMensaje | C22: Se muestra el siguiente mensaje. | G22: indice | H22: int | I22: Posición numérica del mensaje actual. | J22: int | K22: Posición nueva del mensaje actual. | O22: pantallaEnRango | P22: Validar que la posición esté dentro de la cantidad de mensajes. | Q22: Indice fuera del rango. | R22: Mostrar mensaje de error y no mostrar el mensaje siguiente.
A23: finalizarTutorial | C23: Finaliza el estado de tutorial. | J23: boolean | K23: True si la salida fue exitosa.

Sheet Tarea
A1: <-Volver al inicio
A2: Objeto de Dominio: | B2: ='Listado Objetos de Dominio'!$A$6 -> Tarea
A3: Descripción: | B3: ='Listado Objetos de Dominio'!$B$6 -> Serie de niveles y estímulos para que el entrenador evalúe las habilidades en razonamiento lógico del estudiante
A4: Atributo | B4: Tipo de Dato | C4: Longitud mínima | D4: Longitud máxima | E4: Precisión | F4: Rango Inicial | G4: Rango Final | H4: Formato | I4: Valor por defecto | J4: Regla especial | K4: ¿Auto generado? | L4: ¿Calculado? | M4: ¿Obligatorio? | N4: ¿Sensible? | O4: ¿Identifica al registro? | P4: Descripción | Q4: =A14 -> crearTarea | R4: =A16 -> eliminarTarea
A5: id | B5: UUID | C5: 36 | D5: 36 | H5: XXXXXXXX-XXXX-MXXX-NXXX-XXXXXXXXXXXX | K5: SI | L5: NO | M5: SI | N5: NO | O5: SI | P5: Identificador único de la tarea. | Q5: N/A | R5: Requerido para eliminar una tarea.
A6: nombre | B6: string | C6: 1 | D6: 100 | K6: NO | L6: NO | M6: SI | N6: NO | O6: NO | P6: Nombre de la tarea. | Q6: Requerido para crear una tarea. | R6: N/A
A8: Combinaciones únicas
A9: Nombre combinación | B9: Descripción | C9: Atributos
A10: Nombre | B10: Garantiza que no haya dos tareas con el mismo nombre. | C10: nombre
A12: Responsabilidad | C12: Descripción | G12: Entradas | J12: Salida | O12: Políticas (Reglas de Negocio) | Q12: Excepción
G13: Parámetro | H13: Tipo de dato | I13: Descripción | J13: Tipo de Dato | K13: Descripción | O13: Política | P13: Descripción | Q13: Detalle | R13: ¿Qué hago?
A14: crearTarea | C14: Crea una tarea. | G14: nombre | H14: string | I14: Nombre de la tarea. | J14: boolean | K14: True si la creación fue exitosa | O14: tareaNoExiste | P14: Validar que la tarea no existe. | Q14: Tarea existente. | R14: Mostrar mensaje de error y no crear.
A16: eliminarTarea | C16: Elimina una tarea. | G16: id | H16: UUID | I16: Identificador único del nivel. | J16: boolean | K16: True si la eliminación fue exitosa. | O16: tareaExiste | P16: Validar que la tarea existe. | Q16: Tarea no existente. | R16: Mostrar mensaje de error y no eliminar.

Sheet Nivel
A1: <-Volver al inicio
A2: Objeto de Dominio: | B2: ='Listado Objetos de Dominio'!$A$7 -> Nivel
A3: Descripción: | B3: ='Listado Objetos de Dominio'!$B$7 -> Subdivisión de una Tarea que aumenta progresivamente su dificultad
A4: Atributo | B4: Tipo de Dato | C4: Longitud mínima | D4: Longitud máxima | E4: Precisión | F4: Rango Inicial | G4: Rango Final | H4: Formato | I4: Valor por defecto | J4: Regla especial | K4: ¿Auto generado? | L4: ¿Calculado? | M4: ¿Obligatorio? | N4: ¿Sensible? | O4: ¿Identifica al registro? | P4: Descripción | Q4: =A15 -> crearNivel | R4: =A17 -> eliminarNivel
A5: id | B5: UUID | C5: 36 | D5: 36 | H5: XXXXXXXX-XXXX-MXXX-NXXX-XXXXXXXXXXXX | K5: SI | L5: NO | M5: SI | N5: NO | O5: SI | P5: Identificador único del nivel. | Q5: Automaticamente se aplica al crear un Nivel. | R5: Requerido para eliminar un Nivel.
A6: intensidad | B6: int | F6: 1 | G6: 3 | K6: NO | L6: NO | M6: SI | N6: NO | O6: NO | P6: Determina la complejidad del nivel. (1-3) | Q6: Requerido para crear un Nivel. | R6: N/A
A7: tareaId | B7: UUID | C7: 36 | D7: 36 | H7: XXXXXXXX-XXXX-MXXX-NXXX-XXXXXXXXXXXX | K7: NO | L7: NO | M7: SI | N7: NO | O7: NO | P7: Identificador de la tarea al que pertenece. | Q7: Requerido para crear un Nivel. | R7: N/A
A9: Combinaciones únicas
A10: Nombre combinación | B10: Descripción | C10: Atributos
A11: Intensidad y Tarea | B11: Garantiza que no haya dos niveles con la misma intensidad para la misma tarea | C11: intensidad, tareaId
A13: Responsabilidad | C13: Descripción | G13: Entradas | J13: Salida | O13: Políticas (Reglas de Negocio) | Q13: Excepción
G14: Parámetro | H14: Tipo de dato | I14: Descripción | J14: Tipo de Dato | K14: Descripción | O14: Política | P14: Descripción | Q14: Detalle | R14: ¿Qué hago?
A15: crearNivel | C15: Crea un nivel. | G15: intensidad | H15: int | I15: Determina la complejidad del nivel. (1-3) | J15: boolean | K15: True si la creación fue exitosa. | O15: nivelNoExistente | P15: Validar que el nivel no existe por su combinacion unica. | Q15: Nivel existente. | R15: Mostrar mensaje de error y no crear.
G16: tareaId | H16: UUID | I16: Identificador de la tarea al que pertenece.
A17: eliminarNivel | C17: Elimina un nivel. | G17: id | H17: UUID | I17: Identificador único del nivel. | J17: boolean | K17: True si la eliminación fue exitosa. | O17: nivelExistente | P17: Validar que el nivel existe. | Q17: Nivel no existente. | R17: Mostrar mensaje de error y no eliminar.

Sheet Estimulo
A1: <-Volver al inicio
A2: Objeto de Dominio: | B2: ='Listado Objetos de Dominio'!$A$8 -> Estímulo
A3: Descripción: | B3: ='Listado Objetos de Dominio'!$B$8 -> Elementos únicos de cada nivel para que el estudiante interactúe con las tareas
A4: Atributo | B4: Tipo de Dato | C4: Longitud mínima | D4: Longitud máxima | E4: Precisión | F4: Rango Inicial | G4: Rango Final | H4: Formato | I4: Valor por defecto | J4: Regla especial | K4: ¿Auto generado? | L4: ¿Calculado? | M4: ¿Obligatorio? | N4: ¿Sensible? | O4: ¿Identifica al registro? | P4: Descripción | Q4: =A19 -> crearEstimulo | R4: =A25 -> eliminarEstimulo
A5: id | B5: UUID | C5: 36 | D5: 36 | H5: XXXXXXXX-XXXX-MXXX-NXXX-XXXXXXXXXXXX | K5: SI | L5: NO | M5: SI | N5: NO | O5: SI | P5: Identificador único del estímulo. | Q5: Automaticamente se calcula al crear un estimulo. | R5: Requerido para eliminar un estimulo.
A6: estimuloId | B6: UUID | C6: 36 | D6: 36 | H6: XXXXXXXX-XXXX-MXXX-NXXX-XXXXXXXXXXXX | K6: NO | L6: NO | M6: SI | N6: NO | O6: NO | P6: Identificador del estímulo específico. | Q6: Requerido para crear un estimulo. | R6: N/A
A7: tareaId | B7: UUID | C7: 36 | D7: 36 | H7: XXXXXXXX-XXXX-MXXX-NXXX-XXXXXXXXXXXX | K7: NO | L7: NO | M7: SI | N7: NO | O7: NO | P7: Identificador de la tarea asociada. | Q7: Requerido para crear un estimulo. | R7: N/A
A8: nivelId | B8: UUID | C8: 36 | D8: 36 | H8: XXXXXXXX-XXXX-MXXX-NXXX-XXXXXXXXXXXX | K8: NO | L8: NO | M8: SI | N8: NO | O8: NO | P8: Identificador del nivel asociado. | Q8: Requerido para crear un estimulo. | R8: N/A
A9: respuestaCorrectaId | B9: UUID | C9: 36 | D9: 36 | H9: XXXXXXXX-XXXX-MXXX-NXXX-XXXXXXXXXXXX | K9: NO | L9: NO | M9: SI | N9: NO | O9: NO | P9: Identificacion de la respuesta en "Opciones de Respuesta" que sea correcta del estimulo. | Q9: Requerido para crear un estimulo. | R9: N/A
A10: tiempoLimite | B10: int | F10: 0 | I10: 0 | K10: NO | L10: NO | M10: SI | N10: NO | O10: NO | P10: Tiempo limite para desarrollar el estimulo. | Q10: Requerido para crear un estimulo. | R10: N/A
A11: pregunta | B11: string | G11: 25 | H11: 500 | K11: NO | L11: NO | M11: SI | N11: NO | O11: NO | P11: Descripción que explica lo que se tiene que hacer. | Q11: Requerido para crear un estimulo. | R11: N/A
A13: Combinaciones únicas
A14: Nombre combinación | B14: Descripción | C14: Atributos
A15: Estimulo, Tarea, Nivel, y Sesion | B15: Garantiza que no haya estímulos duplicados. | C15: estimuloId, tareaId, nivelId, sesionId
A17: Responsabilidad | C17: Descripción | G17: Entradas | J17: Salida | O17: Políticas (Reglas de Negocio) | Q17: Excepción
G18: Parámetro | H18: Tipo de dato | I18: Descripción | J18: Tipo de Dato | K18: Descripción | O18: Política | P18: Descripción | Q18: Detalle | R18: ¿Qué hago?
A19: crearEstimulo | C19: Crear un nuevo estimulo. | G19: estimuloId | H19: UUID | I19: Identificador del estímulo específico. | J19: boolean | K19: True si la creación fue exitosa. | O19: estimuloNoVacio | P19: Validar que el estimulo no sea vacio. | Q19: Estimulo existente. | R19: Mostrar mensaje de error y no crear.
G20: tareaId | H20: UUID | I20: Identificador de la tarea asociada. | O20: tareaEstimuloExiste | P20: Validar que el estimulo este vinculado a una tarea.
G21: nivelId | H21: UUID | I21: Identificador del nivel asociado. | O21: nivelEstimuloExiste | P21: Validar que el estimulo este vinculado a un nivel de intensidad.
G22: respuestaCorrectaId | H22: UUID | I22: Identificacion de la respuesta correcta del estimulo. | O22: respuestaCorrectaExiste | P22: Validar que el estimulo tenga una respuesta correcta | Q22: Campos Vacios.
G23: tiempoLimite | H23: int | I23: Tiempo limite para desarrollar el estimulo. | O23: tiempoLimiteExiste | P23: Validar que el estimulo tenga un tiempo limite.
G24: pregunta | H24: string | I24: Descripción que explica lo que se tiene que hacer. | O24: preguntaExiste | P24: Validar que el estimulo tenga una descripcion.
A25: eliminarEstimulo | C25: Eliminar un estimulo. | G25: id | H25: UUID | I25: Identificador único del estímulo. | J25: boolean | K25: True si la eliminación fue exitosa. | O25: estimuloExistente | P25: Validar que el estimulo existe. | Q25: Estimulo no existente. | R25: Mostrar mensaje de error y no eliminar.

Sheet Opciones de Respuesta
A1: <-Volver al inicio
A2: Objeto de Dominio: | B2: ='Listado Objetos de Dominio'!$A$9 -> Opciones de Respuesta
A3: Descripción: | B3: ='Listado Objetos de Dominio'!$B$9 -> Cada opcion de respuesta única de un estimulo.
A4: Atributo | B4: Tipo de Dato | C4: Longitud mínima | D4: Longitud máxima | E4: Precisión | F4: Rango Inicial | G4: Rango Final | H4: Formato | I4: Valor por defecto | J4: Regla especial | K4: ¿Auto generado? | L4: ¿Calculado? | M4: ¿Obligatorio? | N4: ¿Sensible? | O4: ¿Identifica al registro? | P4: Descripción | Q4: =A16 -> crearOpcion | R4: =A19 -> eliminarOpcion
A5: id | B5: UUID | C5: 36 | D5: 36 | H5: XXXXXXXX-XXXX-MXXX-NXXX-XXXXXXXXXXXX | K5: SI | L5: NO | M5: SI | N5: NO | O5: SI | P5: Identificador único del estímulo. | Q5: Automaticamente se calcula al crear una opción. | R5: Requerido para eliminar una opción.
A6: estimuloId | B6: UUID | C6: 36 | D6: 36 | H6: XXXXXXXX-XXXX-MXXX-NXXX-XXXXXXXXXXXX | K6: NO | L6: NO | M6: SI | N6: NO | O6: NO | P6: Identificador del estímulo específico. | Q6: Requerido para crear una opción. | R6: N/A
A7: opcion | B7: int | F7: 1 | K7: NO | L7: NO | M7: SI | N7: NO | O7: NO | P7: Orden de opcion en que se ubica esta opcion. | Q7: Requerido para crear una opción. | R7: N/A
A8: detalle | B8: string | C8: 0 | D8: 500 | K8: NO | L8: NO | M8: SI | N8: NO | O8: NO | P8: Descripcion de la opcion. | Q8: Requerido para crear una opción. | R8: N/A
A10: Combinaciones únicas
A11: Nombre combinación | B11: Descripción | C11: Atributos
A12: Estimulo y Opción | B12: Garantiza que no haya opciónes duplicados. | C12: estimuloId, opcion
A14: Responsabilidad | C14: Descripción | G14: Entradas | J14: Salida | O14: Políticas (Reglas de Negocio) | Q14: Excepción
G15: Parámetro | H15: Tipo de dato | I15: Descripción | J15: Tipo de Dato | K15: Descripción | O15: Política | P15: Descripción | Q15: Detalle | R15: ¿Qué hago?
A16: crearOpcion | C16: Crear un nuevo opción. | G16: estimuloId | H16: UUID | I16: Identificador del estímulo específico. | J16: boolean | K16: True si la creación fue exitosa. | O16: opcionNoExistente | P16: Validar que la opción no existe por su combinacion única. | Q16: Opción existente. | R16: Mostrar mensaje de error y no crear.
G17: opcion | H17: int | I17: Orden de opcion en que se ubica esta opcion.
G18: detalle | H18: string | I18: Descripcion de la opcion.
A19: eliminarOpcion | C19: Eliminar una opción. | G19: id | H19: UUID | I19: Identificador único del estímulo. | J19: boolean | K19: True si la eliminación fue exitosa. | O19: opcionExistente | P19: Validar que la identificacion no sea vacio. | Q19: Opción no existente. | R19: Mostrar mensaje de error y no eliminar.
